well	row	ratio	stained	total	time.point	sample	stained_isolate	predator	starting_freq_I7	freq_I7	freq_I6	rel_fitness	freq_I7_previous	replicate
1	A	1	2000	2000	0	1	6	NO	0	0	1	NA	0	A1
7	A	0.996	1992	2000	1	1	6	NO	0	0.0040000000000000036	0.996	Inf	0	A1
1	A	0.9975	1995	2000	2	1	6	NO	0	0.0024999999999999467	0.9975	-0.23575426021258905	0.0040000000000000036	A1
7	A	0.9955	1991	2000	3	1	6	NO	0	0.0044999999999999485	0.9955	0.29489684508094827	0.0024999999999999467	A1
1	A	0.922	1844	2000	4	1	6	NO	0	0.07799999999999996	0.922	1.464665664930493	0.0044999999999999485	A1
7	A	0.993	1986	2000	5	1	6	NO	0	0.007000000000000006	0.993	-1.242492059061428	0.07799999999999996	A1
2	A	0.0805	161	2000	0	2	6	NO	0	0.9195	0.08050000000000002	0	0.9195	A2
8	A	0.0255	51	2000	1	2	6	NO	0	0.9745	0.025499999999999967	0.6038366035816893	0.9195	A2
2	A	0.007	14	2000	2	2	6	NO	0	0.993	0.007000000000000006	0.6557872241033111	0.9745	A2
8	A	0.01	20	2000	3	2	6	NO	0	0.99	0.010000000000000009	-0.17985033242763468	0.993	A2
2	A	0.011	22	2000	4	2	6	NO	0	0.989	0.01100000000000001	-0.04816039565512422	0.99	A2
8	A	0.0235	47	2000	5	2	6	NO	0	0.9765	0.023499999999999965	-0.38591236482885943	0.989	A2
3	A	0.6921397379912664	317	458	0	3	0	NO	0	0.6921397379912664	0.3078602620087336	0	0.6921397379912664	A3
9	A	0.6682242990654206	143	214	1	3	0	NO	0	0.6682242990654206	0.3317757009345794	-0.05498856514026017	0.6921397379912664	A3
3	A	0.2721649484536082	132	485	2	3	0	NO	0	0.2721649484536082	0.7278350515463918	-0.8419154437827592	0.6682242990654206	A3
9	A	0.31368821292775667	165	526	3	3	0	NO	0	0.31368821292775667	0.6863117870722433	0.10036682495731304	0.2721649484536082	A3
3	A	0.29911699779249445	271	906	4	3	0	NO	0	0.29911699779249445	0.7008830022075055	-0.03428684679034537	0.31368821292775667	A3
9	A	0.3400286944045911	237	697	5	3	0	NO	0	0.3400286944045911	0.6599713055954088	0.09416991483249068	0.29911699779249445	A3
4	A	0.4649805447470817	239	514	0	4	0	YES	0	0.4649805447470817	0.5350194552529183	0	0.4649805447470817	A4
10	A	0.40942028985507245	113	276	1	4	0	YES	0	0.40942028985507245	0.5905797101449275	-0.11302741817968062	0.4649805447470817	A4
4	A	0.14	49	350	2	4	0	YES	0	0.14	0.86	-0.7244637922719136	0.40942028985507245	A4
10	A	0.2366412213740458	124	524	3	4	0	YES	0	0.2366412213740458	0.7633587786259541	0.3220534925676519	0.14	A4
4	A	0.4339622641509434	230	530	4	4	0	YES	0	0.4339622641509434	0.5660377358490566	0.45273990788496965	0.2366412213740458	A4
10	A	0.3622641509433962	192	530	5	4	0	YES	0	0.3622641509433962	0.6377358490566039	-0.1499236788611159	0.4339622641509434	A4
5	A	0.9975	1995	2000	0	5	7	NO	1	0.9975	0.0024999999999999467	0	0.9975	A5
11	A	0.9925	1985	2000	1	5	7	NO	1	0.9925	0.007499999999999951	-0.5518187124353987	0.9975	A5
5	A	0.9905	1981	2000	2	5	7	NO	1	0.9905	0.009499999999999953	-0.1192029622434859	0.9925	A5
11	A	0.9885	1977	2000	3	5	7	NO	1	0.9885	0.011499999999999955	-0.09653823014532216	0.9905	A5
5	A	0.9885	1977	2000	4	5	7	NO	1	0.9885	0.011499999999999955	0	0.9885	A5
11	A	0.9835	1967	2000	5	5	7	NO	1	0.9835	0.01649999999999996	-0.18304217515944496	0.9885	A5
6	A	0.0255	51	2000	0	6	7	NO	1	0.0255	0.9745	0	0.0255	A6
12	A	0.0335	67	2000	1	6	7	NO	1	0.0335	0.9665	0.14055510348293518	0.0255	A6
6	A	0.03	60	2000	2	6	7	NO	1	0.03	0.97	-0.056981415008954206	0.0335	A6
12	A	0.109	218	2000	3	6	7	NO	1	0.109	0.891	0.6875510722968037	0.03	A6
6	A	0.167	334	2000	4	6	7	NO	1	0.167	0.833	0.24697835774578908	0.109	A6
12	A	0.206	412	2000	5	6	7	NO	1	0.206	0.794	0.12891626864626643	0.167	A6
1	B	0.924	1848	2000	0	1	7	YES	0.9	0.924	0.07599999999999996	0	0.924	B1
7	B	0.853	1706	2000	1	1	7	YES	0.9	0.853	0.14700000000000002	-0.3698258853212055	0.924	B1
1	B	0.802	1604	2000	2	1	7	YES	0.9	0.802	0.19799999999999995	-0.17974269177048158	0.853	B1
7	B	0.7425	1485	2000	3	1	7	YES	0.9	0.7425	0.25749999999999995	-0.16991921329945775	0.802	B1
1	B	0.2275	455	2000	4	1	7	YES	0.9	0.2275	0.7725	-1.1407424604769796	0.7425	B1
7	B	0.7055	1411	2000	5	1	7	YES	0.9	0.7055	0.2945	1.0480547692910613	0.2275	B1
2	B	0.588	1176	2000	0	2	7	YES	0.5	0.588	0.41200000000000003	0	0.588	B2
8	B	0.4365	873	2000	1	2	7	YES	0.5	0.4365	0.5635	-0.30554127837463724	0.588	B2
2	B	0.384	768	2000	2	2	7	YES	0.5	0.384	0.616	-0.10861272637280946	0.4365	B2
8	B	0.2835	567	2000	3	2	7	YES	0.5	0.2835	0.7165	-0.2272808565773135	0.384	B2
2	B	0.3105	621	2000	4	2	7	YES	0.5	0.3105	0.6895	0.06469166412029843	0.2835	B2
8	B	0.3075	615	2000	5	2	7	YES	0.5	0.3075	0.6925	-0.007025177477548975	0.3105	B2
3	B	0.182	364	2000	0	3	7	YES	0.1	0.182	0.8180000000000001	0	0.182	B3
9	B	0.116	232	2000	1	3	7	YES	0.1	0.116	0.884	-0.2640056110026635	0.182	B3
3	B	0.071	142	2000	2	3	7	YES	0.1	0.071	0.929	-0.2702809951206222	0.116	B3
9	B	0.054	108	2000	3	3	7	YES	0.1	0.054	0.946	-0.1459148303575403	0.071	B3
3	B	0.052	104	2000	4	3	7	YES	0.1	0.052	0.948	-0.01992613059299532	0.054	B3
9	B	0.066	132	2000	5	3	7	YES	0.1	0.066	0.9339999999999999	0.12664454373558878	0.052	B3
4	B	0.934	1868	2000	0	4	7	NO	0.9	0.934	0.06599999999999995	0	0.934	B4
10	B	0.8335	1667	2000	1	4	7	NO	0.9	0.8335	0.16649999999999998	-0.5195916517160337	0.934	B4
4	B	0.8595	1719	2000	2	4	7	NO	0.9	0.8595	0.14049999999999996	0.10025247163937673	0.8335	B4
10	B	0.7485	1497	2000	3	4	7	NO	0.9	0.7485	0.25149999999999995	-0.3602575608646072	0.8595	B4
4	B	0.825	1650	2000	4	4	7	NO	0.9	0.825	0.17500000000000004	0.22998459904563856	0.7485	B4
10	B	0.7575	1515	2000	5	4	7	NO	0.9	0.7575	0.24250000000000005	-0.2057877927025903	0.825	B4
5	B	0.611	1222	2000	0	5	7	NO	0.5	0.611	0.389	0	0.611	B5
11	B	0.4025	805	2000	1	5	7	NO	0.5	0.4025	0.5974999999999999	-0.42328840125009826	0.611	B5
5	B	0.3425	685	2000	2	5	7	NO	0.5	0.3425	0.6575	-0.12855695970129596	0.4025	B5
11	B	0.305	610	2000	3	5	7	NO	0.5	0.305	0.6950000000000001	-0.08571348130387056	0.3425	B5
5	B	0.3555	711	2000	4	5	7	NO	0.5	0.3555	0.6445000000000001	0.11432524791071694	0.305	B5
11	B	0.308	616	2000	5	5	7	NO	0.5	0.308	0.692	-0.10726829975407419	0.3555	B5
6	B	0.2	400	2000	0	6	7	NO	0.1	0.2	0.8	0	0.2	B6
12	B	0.1	200	2000	1	6	7	NO	0.1	0.1	0.9	-0.4054651081081644	0.2	B6
6	B	0.0635	127	2000	2	6	7	NO	0.1	0.0635	0.9365	-0.24694251932463887	0.1	B6
12	B	0.055	110	2000	3	6	7	NO	0.1	0.055	0.945	-0.07637106313788729	0.0635	B6
6	B	0.068	136	2000	4	6	7	NO	0.1	0.068	0.9319999999999999	0.11301331637589374	0.055	B6
12	B	0.066	132	2000	5	6	7	NO	0.1	0.066	0.9339999999999999	-0.015998293346466266	0.068	B6
1	C	0.9035	1807	2000	0	1	7	YES	0.9	0.9035	0.09650000000000003	0	0.9035	C1
7	C	0.8545	1709	2000	1	1	7	YES	0.9	0.8545	0.14549999999999996	-0.23319634287162197	0.9035	C1
1	C	0.5295	1059	2000	2	1	7	YES	0.9	0.5295	0.47050000000000003	-0.826101604964036	0.8545	C1
7	C	0.7625	1525	2000	3	1	7	YES	0.9	0.7625	0.23750000000000004	0.5241488394954219	0.5295	C1
1	C	0.559	1118	2000	4	1	7	YES	0.9	0.559	0.44099999999999995	-0.46466514364930855	0.7625	C1
7	C	0.428	856	2000	5	1	7	YES	0.9	0.428	0.5720000000000001	-0.26356019675312736	0.559	C1
2	C	0.5985	1197	2000	0	2	7	YES	0.5	0.5985	0.40149999999999997	0	0.5985	C2
8	C	0.45	900	2000	1	2	7	YES	0.5	0.45	0.55	-0.2999448435366814	0.5985	C2
2	C	0.3845	769	2000	2	2	7	YES	0.5	0.3845	0.6154999999999999	-0.1349102306083291	0.45	C2
8	C	0.307	614	2000	3	2	7	YES	0.5	0.307	0.6930000000000001	-0.1718455474619484	0.3845	C2
2	C	0.3415	683	2000	4	2	7	YES	0.5	0.3415	0.6585	0.07878270471510765	0.307	C2
8	C	0.3135	627	2000	5	2	7	YES	0.5	0.3135	0.6865	-0.06359501148127976	0.3415	C2
3	C	0.1765	353	2000	0	3	7	YES	0.1	0.1765	0.8235	0	0.1765	C3
9	C	0.119	238	2000	1	3	7	YES	0.1	0.119	0.881	-0.23084572979015325	0.1765	C3
3	C	0.085	170	2000	2	3	7	YES	0.1	0.085	0.915	-0.1871693379802773	0.119	C3
9	C	0.064	128	2000	3	3	7	YES	0.1	0.064	0.9359999999999999	-0.15322979216635765	0.085	C3
3	C	0.062	124	2000	4	3	7	YES	0.1	0.062	0.938	-0.01694158542160646	0.064	C3
9	C	0.0645	129	2000	5	3	7	YES	0.1	0.0645	0.9355	0.021099821024357784	0.062	C3
4	C	0.9195	1839	2000	0	4	7	NO	0.9	0.9195	0.08050000000000002	0	0.9195	C4
10	C	0.8375	1675	2000	1	4	7	NO	0.9	0.8375	0.16249999999999998	-0.3979147988452142	0.9195	C4
4	C	0.829	1658	2000	2	4	7	NO	0.9	0.829	0.17100000000000004	-0.03059333164839727	0.8375	C4
10	C	0.7865	1573	2000	3	4	7	NO	0.9	0.7865	0.21350000000000002	-0.1373003544014908	0.829	C4
4	C	0.8125	1625	2000	4	4	7	NO	0.9	0.8125	0.1875	0.08119058948188702	0.7865	C4
10	C	0.765	1530	2000	5	4	7	NO	0.9	0.765	0.235	-0.14302337455552502	0.8125	C4
5	C	0.6235	1247	2000	0	5	7	NO	0.5	0.6235	0.37649999999999995	0	0.6235	C5
11	C	0.405	810	2000	1	5	7	NO	0.5	0.405	0.595	-0.4445525281596168	0.6235	C5
5	C	0.419	838	2000	2	5	7	NO	0.5	0.419	0.581	0.028897250754658564	0.405	C5
11	C	0.3265	653	2000	3	5	7	NO	0.5	0.3265	0.6735	-0.19858910510207972	0.419	C5
5	C	0.378	756	2000	4	5	7	NO	0.5	0.378	0.622	0.1130060750071706	0.3265	C5
11	C	0.2835	567	2000	5	5	7	NO	0.5	0.2835	0.7165	-0.21456011349041407	0.378	C5
6	C	0.2015	403	2000	0	6	7	NO	0.1	0.2015	0.7985	0	0.2015	C6
12	C	0.095	190	2000	1	6	7	NO	0.1	0.095	0.905	-0.438556232915528	0.2015	C6
6	C	0.09	180	2000	2	6	7	NO	0.1	0.09	0.91	-0.029788438540622762	0.095	C6
12	C	0.04	80	2000	3	6	7	NO	0.1	0.04	0.96	-0.43220945058365745	0.09	C6
6	C	0.06	120	2000	4	6	7	NO	0.1	0.06	0.94	0.21325925865299838	0.04	C6
12	C	0.0665	133	2000	5	6	7	NO	0.1	0.0665	0.9335	0.05489814886099003	0.06	C6
1	D	0.9165	1833	2000	0	1	7	YES	0.9	0.9165	0.08350000000000002	0	0.9165	D1
7	D	0.8775	1755	2000	1	1	7	YES	0.9	0.8775	0.12250000000000005	-0.2133747550338555	0.9165	D1
1	D	0.7955	1591	2000	2	1	7	YES	0.9	0.7955	0.20450000000000002	-0.30528152653012686	0.8775	D1
7	D	0.7535	1507	2000	3	1	7	YES	0.9	0.7535	0.24650000000000005	-0.1205179238555899	0.7955	D1
1	D	0.406	812	2000	4	1	7	YES	0.9	0.406	0.594	-0.7489465921723586	0.7535	D1
7	D	0.767	1534	2000	5	1	7	YES	0.9	0.767	0.23299999999999998	0.7859872537812339	0.406	D1
2	D	0.621	1242	2000	0	2	7	YES	0.5	0.621	0.379	0	0.621	D2
8	D	0.42	840	2000	1	2	7	YES	0.5	0.42	0.5800000000000001	-0.4082841345570518	0.621	D2
2	D	0.426	852	2000	2	2	7	YES	0.5	0.426	0.5740000000000001	0.012291671106427503	0.42	D2
8	D	0.31	620	2000	3	2	7	YES	0.5	0.31	0.69	-0.2509646250309584	0.426	D2
2	D	0.3475	695	2000	4	2	7	YES	0.5	0.3475	0.6525000000000001	0.0850364129600556	0.31	D2
8	D	0.3185	637	2000	5	2	7	YES	0.5	0.3185	0.6815	-0.06531365096618366	0.3475	D2
3	D	0.1695	339	2000	0	3	7	YES	0.1	0.1695	0.8305	0	0.1695	D3
9	D	0.1055	211	2000	1	3	7	YES	0.1	0.1055	0.8945	-0.27418947389990406	0.1695	D3
3	D	0.0935	187	2000	2	3	7	YES	0.1	0.0935	0.9065	-0.06703782193380584	0.1055	D3
9	D	0.062	124	2000	3	3	7	YES	0.1	0.062	0.938	-0.22249298503043433	0.0935	D3
3	D	0.0635	127	2000	4	3	7	YES	0.1	0.0635	0.9365	0.012752973987817879	0.062	D3
9	D	0.072	144	2000	5	3	7	YES	0.1	0.072	0.928	0.06737200110767594	0.0635	D3
4	D	0.9255	1851	2000	0	4	7	NO	0.9	0.9255	0.07450000000000001	0	0.9255	D4
10	D	0.8275	1655	2000	1	4	7	NO	0.9	0.8275	0.1725	-0.4757615679241172	0.9255	D4
4	D	0.853	1706	2000	2	4	7	NO	0.9	0.853	0.14700000000000002	0.09515754496656956	0.8275	D4
10	D	0.767	1534	2000	3	4	7	NO	0.9	0.767	0.23299999999999998	-0.2834393064556935	0.853	D4
4	D	0.848	1696	2000	4	4	7	NO	0.9	0.848	0.15200000000000002	0.26377588357203535	0.767	D4
10	D	0.7095	1419	2000	5	4	7	NO	0.9	0.7095	0.2905	-0.4130215973187475	0.848	D4
5	D	0.6485	1297	2000	0	5	7	NO	0.5	0.6485	0.35150000000000003	0	0.6485	D5
11	D	0.4075	815	2000	1	5	7	NO	0.5	0.4075	0.5925	-0.4933811164170739	0.6485	D5
5	D	0.3825	765	2000	2	5	7	NO	0.5	0.3825	0.6174999999999999	-0.052320237453586334	0.4075	D5
11	D	0.314	628	2000	3	5	7	NO	0.5	0.314	0.6859999999999999	-0.15126711329104509	0.3825	D5
5	D	0.38	760	2000	4	5	7	NO	0.5	0.38	0.62	0.14596820824946297	0.314	D5
11	D	0.302	604	2000	5	5	7	NO	0.5	0.302	0.698	-0.17412193003439855	0.38	D5
6	D	0.1975	395	2000	0	6	7	NO	0.1	0.1975	0.8025	0	0.1975	D6
12	D	0.0985	197	2000	1	6	7	NO	0.1	0.0985	0.9015	-0.40600511190116717	0.1975	D6
6	D	0.075	150	2000	2	6	7	NO	0.1	0.075	0.925	-0.149151064755393	0.0985	D6
12	D	0.064	128	2000	3	6	7	NO	0.1	0.064	0.9359999999999999	-0.08521338457090262	0.075	D6
6	D	0.0705	141	2000	4	6	7	NO	0.1	0.0705	0.9295	0.05184914788732211	0.064	D6
12	D	0.0635	127	2000	5	6	7	NO	0.1	0.0635	0.9365	-0.05603775932111072	0.0705	D6
1	E	0.2335	467	2000	0	1	6	YES	0.9	0.7665	0.23350000000000004	0	0.7665	E1
7	E	0.246	492	2000	1	1	6	YES	0.9	0.754	0.246	-0.03429589456366162	0.7665	E1
1	E	0.219	438	2000	2	1	6	YES	0.9	0.781	0.21899999999999997	0.07572129397379596	0.754	E1
7	E	0.303	606	2000	3	1	6	YES	0.9	0.6970000000000001	0.30299999999999994	-0.21922540738601515	0.781	E1
1	E	0.324	648	2000	4	1	6	YES	0.9	0.6759999999999999	0.32400000000000007	-0.04880152250026032	0.6970000000000001	E1
7	E	0.4555	911	2000	5	1	6	YES	0.9	0.5445	0.4555	-0.27848866728881616	0.6759999999999999	E1
2	E	0.6955	1391	2000	0	2	6	YES	0.5	0.3045	0.6955	0	0.3045	E2
8	E	0.756	1512	2000	1	2	6	YES	0.5	0.244	0.756	-0.1524566133363926	0.3045	E2
2	E	0.6705	1341	2000	2	2	6	YES	0.5	0.3295	0.6705	0.21021290105357998	0.244	E2
8	E	0.768	1536	2000	3	2	6	YES	0.5	0.23199999999999998	0.768	-0.24330250635109552	0.3295	E2
2	E	0.7605	1521	2000	4	2	6	YES	0.5	0.23950000000000005	0.7605	0.02081483331649247	0.23199999999999998	E2
8	E	0.8005	1601	2000	5	2	6	YES	0.5	0.1995	0.8005	-0.11699980062923693	0.23950000000000005	E2
3	E	0.9505	1901	2000	0	3	6	YES	0.1	0.04949999999999999	0.9505	0	0.04949999999999999	E3
9	E	0.959	1918	2000	1	3	6	YES	0.1	0.041000000000000036	0.959	-0.098651757912645	0.04949999999999999	E3
3	E	0.947	1894	2000	2	3	6	YES	0.1	0.05300000000000005	0.947	0.13465591427258702	0.041000000000000036	E3
9	E	0.973	1946	2000	3	3	6	YES	0.1	0.027000000000000024	0.973	-0.3507700182738598	0.05300000000000005	E3
3	E	0.9625	1925	2000	4	3	6	YES	0.1	0.03749999999999998	0.9625	0.16967704149805016	0.027000000000000024	E3
9	E	0.9775	1955	2000	5	3	6	YES	0.1	0.022499999999999964	0.9775	-0.2631449247317866	0.03749999999999998	E3
4	E	0.2115	423	2000	0	4	6	NO	0.9	0.7885	0.21150000000000002	0	0.7885	E4
10	E	0.3	600	2000	1	4	6	NO	0.9	0.7	0.30000000000000004	-0.23430477376477846	0.7885	E4
4	E	0.172	344	2000	2	4	6	NO	0.9	0.8280000000000001	0.17199999999999993	0.36211040859230187	0.7	E4
10	E	0.2165	433	2000	3	4	6	NO	0.9	0.7835	0.21650000000000003	-0.1426690816091382	0.8280000000000001	E4
4	E	0.261	522	2000	4	4	6	NO	0.9	0.739	0.261	-0.12270150036401124	0.7835	E4
10	E	0.358	716	2000	5	4	6	NO	0.9	0.642	0.358	-0.2283610981681236	0.739	E4
5	E	0.6255	1251	2000	0	5	6	NO	0.5	0.37450000000000006	0.6255	0	0.37450000000000006	E5
11	E	0.709	1418	2000	1	5	6	NO	0.5	0.29100000000000004	0.709	-0.18878636620547168	0.37450000000000006	E5
5	E	0.644	1288	2000	2	5	6	NO	0.5	0.356	0.644	0.14888213205415585	0.29100000000000004	E5
11	E	0.706	1412	2000	3	5	6	NO	0.5	0.29400000000000004	0.706	-0.14163373745111857	0.356	E5
5	E	0.7125	1425	2000	4	5	6	NO	0.5	0.2875	0.7125	-0.015760790875420136	0.29400000000000004	E5
11	E	0.798	1596	2000	5	5	6	NO	0.5	0.20199999999999996	0.798	-0.23314192407160195	0.2875	E5
6	E	0.9415	1883	2000	0	6	6	NO	0.1	0.058499999999999996	0.9415	0	0.058499999999999996	E6
12	E	0.954	1908	2000	1	6	6	NO	0.1	0.04600000000000004	0.954	-0.12678734054989707	0.058499999999999996	E6
6	E	0.9455	1891	2000	2	6	6	NO	0.1	0.05449999999999999	0.9455	0.08925454426493833	0.04600000000000004	E6
12	E	0.9635	1927	2000	3	6	6	NO	0.1	0.03649999999999998	0.9635	-0.20987352041833107	0.05449999999999999	E6
6	E	0.94	1880	2000	4	6	6	NO	0.1	0.06000000000000005	0.94	0.260862457112014	0.03649999999999998	E6
12	E	0.9705	1941	2000	5	6	6	NO	0.1	0.02949999999999997	0.9705	-0.37094291311067196	0.06000000000000005	E6
1	F	0.213	426	2000	0	1	6	YES	0.9	0.787	0.21299999999999997	0	0.787	F1
7	F	0.2475	495	2000	1	1	6	YES	0.9	0.7525	0.24750000000000005	-0.09747283404684641	0.787	F1
1	F	0.255	510	2000	2	1	6	YES	0.9	0.745	0.255	-0.01993487069657607	0.7525	F1
7	F	0.3065	613	2000	3	1	6	YES	0.9	0.6935	0.3065	-0.12779359442125654	0.745	F1
1	F	0.1985	397	2000	4	1	6	YES	0.9	0.8015	0.1985	0.28958119377187114	0.6935	F1
7	F	0.3715	743	2000	5	1	6	YES	0.9	0.6285000000000001	0.37149999999999994	-0.434954354024937	0.8015	F1
2	F	0.7055	1411	2000	0	2	6	YES	0.5	0.2945	0.7055	0	0.2945	F2
8	F	0.7595	1519	2000	1	2	6	YES	0.5	0.24050000000000005	0.7595	-0.1381562321443921	0.2945	F2
2	F	0.6875	1375	2000	2	2	6	YES	0.5	0.3125	0.6875	0.18074143606287063	0.24050000000000005	F2
8	F	0.793	1586	2000	3	2	6	YES	0.5	0.20699999999999996	0.793	-0.2773235340026045	0.3125	F2
2	F	0.7765	1553	2000	4	2	6	YES	0.5	0.22350000000000003	0.7765	0.04885959991718058	0.20699999999999996	F2
8	F	0.7865	1573	2000	5	2	6	YES	0.5	0.21350000000000002	0.7865	-0.029285330647267523	0.22350000000000003	F2
3	F	0.961	1922	2000	0	3	6	YES	0.1	0.039000000000000035	0.961	0	0.039000000000000035	F3
9	F	0.963	1926	2000	1	3	6	YES	0.1	0.03700000000000003	0.963	-0.02736136815662759	0.039000000000000035	F3
3	F	0.963	1926	2000	2	3	6	YES	0.1	0.03700000000000003	0.963	0	0.03700000000000003	F3
9	F	0.968	1936	2000	3	3	6	YES	0.1	0.03200000000000003	0.968	-0.07518034266147466	0.03700000000000003	F3
3	F	0.9675	1935	2000	4	3	6	YES	0.1	0.03249999999999997	0.9675	0.008010424454301817	0.03200000000000003	F3
9	F	0.9705	1941	2000	5	3	6	YES	0.1	0.02949999999999997	0.9705	-0.04997290184752289	0.03249999999999997	F3
4	F	0.2065	413	2000	0	4	6	NO	0.9	0.7935	0.20650000000000002	0	0.7935	F4
10	F	0.2715	543	2000	1	4	6	NO	0.9	0.7284999999999999	0.2715000000000001	-0.17956382065205356	0.7935	F4
4	F	0.185	370	2000	2	4	6	NO	0.9	0.815	0.18500000000000005	0.24790340095063423	0.7284999999999999	F4
10	F	0.2565	513	2000	3	4	6	NO	0.9	0.7435	0.25649999999999995	-0.20929609343657585	0.815	F4
4	F	0.2675	535	2000	4	4	6	NO	0.9	0.7324999999999999	0.26750000000000007	-0.028448163367112547	0.7435	F4
10	F	0.3345	669	2000	5	4	6	NO	0.9	0.6655	0.3345	-0.15972100814413884	0.7324999999999999	F4
5	F	0.6795	1359	2000	0	5	6	NO	0.5	0.3205	0.6795	0	0.3205	F5
11	F	0.7205	1441	2000	1	5	6	NO	0.5	0.27949999999999997	0.7205	-0.09773408280697472	0.3205	F5
5	F	0.634	1268	2000	2	5	6	NO	0.5	0.366	0.634	0.19876375090428172	0.27949999999999997	F5
11	F	0.6975	1395	2000	3	5	6	NO	0.5	0.3025	0.6975	-0.14300280759438247	0.366	F5
5	F	0.7	1400	2000	4	5	6	NO	0.5	0.30000000000000004	0.7	-0.005938312081289429	0.3025	F5
11	F	0.7825	1565	2000	5	5	6	NO	0.5	0.21750000000000003	0.7825	-0.21649860574918298	0.30000000000000004	F5
6	F	0.9505	1901	2000	0	6	6	NO	0.1	0.04949999999999999	0.9505	0	0.04949999999999999	F6
12	F	0.9615	1923	2000	1	6	6	NO	0.1	0.03849999999999998	0.9615	-0.1314104156906285	0.04949999999999999	F6
6	F	0.967	1934	2000	2	6	6	NO	0.1	0.03300000000000003	0.967	-0.07992730512585829	0.03849999999999998	F6
12	F	0.962	1924	2000	3	6	6	NO	0.1	0.038000000000000034	0.962	0.07313132152374673	0.03300000000000003	F6
6	F	0.9515	1903	2000	4	6	6	NO	0.1	0.04849999999999999	0.9515	0.12747620107327642	0.038000000000000034	F6
12	F	0.9605	1921	2000	5	6	6	NO	0.1	0.03949999999999998	0.9605	-0.10733871075438436	0.04849999999999999	F6
1	G	0.2295	459	2000	0	1	6	YES	0.9	0.7705	0.22950000000000004	0	0.7705	G1
7	G	0.2845	569	2000	1	1	6	YES	0.9	0.7155	0.2845	-0.14444413991472513	0.7705	G1
1	G	0.196	392	2000	2	1	6	YES	0.9	0.804	0.19599999999999995	0.24461813225916468	0.7155	G1
7	G	0.313	626	2000	3	1	6	YES	0.9	0.687	0.31299999999999994	-0.31267675413312657	0.804	G1
1	G	0.282	564	2000	4	1	6	YES	0.9	0.718	0.28200000000000003	0.07421569821395704	0.687	G1
7	G	0.3425	685	2000	5	1	6	YES	0.9	0.6575	0.3425	-0.14119469588023548	0.718	G1
2	G	0.716	1432	2000	0	2	6	YES	0.5	0.28400000000000003	0.716	0	0.28400000000000003	G2
8	G	0.7755	1551	2000	1	2	6	YES	0.5	0.22450000000000003	0.7755	-0.1574631733174225	0.28400000000000003	G2
2	G	0.705	1410	2000	2	2	6	YES	0.5	0.29500000000000004	0.705	0.18420491448091786	0.22450000000000003	G2
8	G	0.7925	1585	2000	3	2	6	YES	0.5	0.20750000000000002	0.7925	-0.23441935980411693	0.29500000000000004	G2
2	G	0.75	1500	2000	4	2	6	YES	0.5	0.25	0.75	0.12072443870628645	0.20750000000000002	G2
8	G	0.8185	1637	2000	5	2	6	YES	0.5	0.1815	0.8185	-0.2038027272190872	0.25	G2
3	G	0.9585	1917	2000	0	3	6	YES	0.1	0.04149999999999998	0.9585	0	0.04149999999999998	G3
9	G	0.96	1920	2000	1	3	6	YES	0.1	0.040000000000000036	0.96	-0.019188847549448846	0.04149999999999998	G3
9	G	0.9715	1943	2000	3	3	6	YES	0.1	0.02849999999999997	0.9715	-0.17544167559747315	0.040000000000000036	G3
3	G	0.966	1932	2000	4	3	6	YES	0.1	0.03400000000000003	0.966	0.0910669359732677	0.02849999999999997	G3
9	G	0.974	1948	2000	5	3	6	YES	0.1	0.026000000000000023	0.974	-0.13825572801234823	0.03400000000000003	G3
4	G	0.202	404	2000	0	4	6	NO	0.9	0.798	0.20199999999999996	0	0.798	G4
10	G	0.2545	509	2000	1	4	6	NO	0.9	0.7455	0.25449999999999995	-0.14954330091719417	0.798	G4
4	G	0.225	450	2000	2	4	6	NO	0.9	0.775	0.22499999999999998	0.08100416446735555	0.7455	G4
10	G	0.285	570	2000	3	4	6	NO	0.9	0.7150000000000001	0.2849999999999999	-0.15848463236178473	0.775	G4
4	G	0.268	536	2000	4	4	6	NO	0.9	0.732	0.268	0.04250008551254858	0.7150000000000001	G4
10	G	0.382	764	2000	5	4	6	NO	0.9	0.618	0.382	-0.2618628422996696	0.732	G4
5	G	0.653	1306	2000	0	5	6	NO	0.5	0.347	0.653	0	0.347	G5
11	G	0.757	1514	2000	1	5	6	NO	0.5	0.243	0.757	-0.25202473038366413	0.347	G5
5	G	0.663	1326	2000	2	5	6	NO	0.5	0.33699999999999997	0.663	0.2298048751316997	0.243	G5
11	G	0.7175	1435	2000	3	5	6	NO	0.5	0.2825	0.7175	-0.12770116860688985	0.33699999999999997	G5
5	G	0.7375	1475	2000	4	5	6	NO	0.5	0.26249999999999996	0.7375	-0.05046030456750801	0.2825	G5
11	G	0.794	1588	2000	5	5	6	NO	0.5	0.20599999999999996	0.794	-0.15809614313762904	0.26249999999999996	G5
6	G	0.9495	1899	2000	0	6	6	NO	0.1	0.05049999999999999	0.9495	0	0.05049999999999999	G6
12	G	0.956	1912	2000	1	6	6	NO	0.1	0.04400000000000004	0.956	-0.07230304258105621	0.05049999999999999	G6
6	G	0.9645	1929	2000	2	6	6	NO	0.1	0.035499999999999976	0.9645	-0.11175442836563762	0.04400000000000004	G6
12	G	0.9645	1929	2000	3	6	6	NO	0.1	0.035499999999999976	0.9645	0	0.035499999999999976	G6
6	G	0.9605	1921	2000	4	6	6	NO	0.1	0.03949999999999998	0.9605	0.055461912781439276	0.035499999999999976	G6
12	G	0.974	1948	2000	5	6	6	NO	0.1	0.026000000000000023	0.974	-0.2160807276597582	0.03949999999999998	G6
1	H	0.9985	1997	2000	0	1	6	NO	0	0.0014999999999999458	0.9985	0	0.0014999999999999458	H1
7	H	0.996	1992	2000	1	1	6	NO	0	0.0040000000000000036	0.996	0.4916680741415175	0.0014999999999999458	H1
1	H	0.867	1734	2000	2	1	6	NO	0	0.133	0.867	1.8213815239529594	0.0040000000000000036	H1
7	H	0.989	1978	2000	3	1	6	NO	0	0.01100000000000001	0.989	-1.3120546051327764	0.133	H1
1	H	0.5925	1185	2000	4	1	6	NO	0	0.4075	0.5925	2.062244559247986	0.01100000000000001	H1
7	H	0.9875	1975	2000	5	1	6	NO	0	0.012499999999999956	0.9875	-1.997568956069328	0.4075	H1
2	H	0.04	80	2000	0	2	6	NO	0	0.96	0.040000000000000036	0	0.96	H2
8	H	0.011	22	2000	1	2	6	NO	0	0.989	0.01100000000000001	0.6603726142381979	0.96	H2
2	H	0.002	4	2000	2	2	6	NO	0	0.998	0.0020000000000000018	0.8569035184635886	0.989	H2
8	H	0.021	42	2000	3	2	6	NO	0	0.979	0.02100000000000002	-1.1852984454722155	0.998	H2
2	H	0.0185	37	2000	4	2	6	NO	0	0.9815	0.01849999999999996	0.06465103841257622	0.979	H2
8	H	0.029	58	2000	5	2	6	NO	0	0.971	0.029000000000000026	-0.23014032166369439	0.9815	H2
3	H	0.5305164319248826	226	426	0	3	0	NO	0	0.5305164319248826	0.4694835680751174	0	0.5305164319248826	H3
9	H	0.4140127388535032	130	314	1	3	0	NO	0	0.4140127388535032	0.5859872611464968	-0.23480946993882615	0.5305164319248826	H3
3	H	0.20592592592592593	139	675	2	3	0	NO	0	0.20592592592592593	0.794074074074074	-0.5011294603933536	0.4140127388535032	H3
9	H	0.23151750972762647	119	514	3	3	0	NO	0	0.23151750972762647	0.7684824902723735	0.07494897807525891	0.20592592592592593	H3
3	H	0.05702647657841141	84	1473	4	3	0	NO	0	0.05702647657841141	0.9429735234215886	-0.8028801360607188	0.23151750972762647	H3
9	H	0.0956043956043956	87	910	5	3	0	NO	0	0.0956043956043956	0.9043956043956044	0.279237230944272	0.05702647657841141	H3
4	H	0.3236301369863014	189	584	0	4	0	YES	0	0.3236301369863014	0.6763698630136986	0	0.3236301369863014	H4
10	H	0.3076923076923077	136	442	1	4	0	YES	0	0.3076923076923077	0.6923076923076923	-0.03689573318742465	0.3236301369863014	H4
4	H	0.06740196078431372	55	816	4	4	0	YES	0	0.06740196078431372	0.9325980392156863	-0.9081849782064432	0.3076923076923077	H4
10	H	0.22361359570661896	125	559	5	4	0	YES	0	0.22361359570661896	0.776386404293381	0.6912846879155556	0.06740196078431372	H4
5	H	0.9955	1991	2000	0	5	7	NO	1	0.9955	0.0044999999999999485	0	0.9955	H5
11	H	0.9935	1987	2000	1	5	7	NO	1	0.9935	0.00649999999999995	-0.1848679208188503	0.9955	H5
5	H	0.981	1962	2000	4	5	7	NO	1	0.981	0.019000000000000017	-0.542649202345683	0.9935	H5
11	H	0.965	1930	2000	5	5	7	NO	1	0.965	0.03500000000000003	-0.31367672027467514	0.981	H5
6	H	0.0215	43	2000	0	6	7	NO	1	0.0215	0.9785	0	0.0215	H6
12	H	0.0315	63	2000	1	6	7	NO	1	0.0315	0.9685	0.19610345734352536	0.0215	H6
12	H	0.068	136	2000	3	6	7	NO	1	0.068	0.9319999999999999	0.40396791375298946	0.0315	H6
6	H	0.102	204	2000	4	6	7	NO	1	0.102	0.898	0.22131392724577786	0.068	H6
12	H	0.1645	329	2000	5	6	7	NO	1	0.1645	0.8355	0.2750387385939534	0.102	H6
